{
	"name": "Dragonborn",
	"description": "Related to the Ender Dragon - Dragonborn are strong and winged creatures, but are vulnerable to water.",
	"powers": [
		"origins:elytra",
		"dragonorigin:dragon_egg_magic",
		"dragonorigin:resistant_skin",
		"dragonorigin:lava_vision",
		"origins:fire_immunity",
		"dragonorigin:sharp_claws",
		"dragonorigin:scaled",
		"dragonorigin:heavy_armor",
		"dragonorigin:hot_nether",
		"dragonorigin:unwieldly",
		"origins:carnivore",
		"origins:water_vulnerability",
		"origins:more_exhaustion"
	],
	"icon": {
		"item": "minecraft:dragon_egg"
	},
	"impact": 3,
	"order": 4
}
