{
	"name": "Reborn Magic",
	"description": "The dragon egg emits some sort of familiar magic, making you stronger near it.",

	"type": "origins:stacking_status_effect",
	"min_stacks": 0,
	"max_stacks": 1,
	"duration_per_stack": 340,
	"tick_rate": 20,
	"effect": {
		"effect": "minecraft:strength",
		"is_ambient": true,
		"show_particles": true,
		"show_icon": true
	},
	"condition": {
		"type": "origins:block_in_radius",
		"radius": 25,
		"block_condition": {
			"type": "origins:block",
			"block": "minecraft:dragon_egg"
		}
	}
}
