{
	"name": "Heavy Armor",
	"description": "Armor with protecton lower than diamond is uncomfortable, so you are unable to wear it.",

	"type": "origins:multiple",
	"no_wear": {
		"type": "origins:restrict_armor",
		"head": {
			"type": "origins:armor_value",
			"comparison": "<",
			"compare_to": 3
		},
		"chest": {
			"type": "origins:armor_value",
			"comparison": "<",
			"compare_to": 8
		},
		"legs": {
			"type": "origins:armor_value",
			"comparison": "<",
			"compare_to": 6
		},
		"feet": {
			"type": "origins:armor_value",
			"comparison": "<",
			"compare_to": 3
		}
	}
}
